cep,count,state,region,country,lat,lon
66070210,1,Pará,RegiãoNorte,Brasil,-1.4536948,-48.4622365
68040520,1,Pará,Região Norte,Brasil,-2.4326339,-54.7224954
68010-060,2,Pará,Região Norte,Brasil,-2.4456545,-54.70581120000001
68911410,1,Amapá,Região Norte,Brasil,-0.0441008,-51.1062649
68903419,1,Amapá,Região Norte,Brasil,-0.005227600000000001,-51.0820424
68903230,1,Amapá,Região Norte,Brasil,-0.006240600000000001,-51.0890211
68800000,2,Pará,Região Norte,Brasil,-1.68036,-50.479085
68902347,2,Amapá,Região Norte,Brasil,0.0123355,-51.0638362
68903275,1,Amapá,Região Norte,Brasil,0.0401529,-51.0569588
Rua Ângelo  Fernandes  Breves ,1,Pará,Região Norte,Brasil,-1.6767421000000002,-50.47638679999999
68903-364,2,Amapá,Região Norte,Brasil,0.0401529,-51.0569588
68904590,1,Amapá,Região Norte,Brasil,0.0127928,-51.0819156
68928-334,1,Amapá,Região Norte,Brasil,-0.018627900000000003,-51.1792544
Rua Oliveira Belo,1,Rio de Janeiro,Região Sudeste,Brasil,-22.8440479,-43.3095352
Rua Conselheiro Lafaiete 32 - apt.901,1,NaN,NAN,NAN,NAN,NAN
66073040,1,Pará,Região Norte,Brasil,-1.4710713,-48.4588511
Passagem Jericó,1,Pará,Região Norte,Brasil,-1.3530379,-48.4353297
68908360,1,Amapá,Região Norte,Brasil,0.056713199999999984,-51.0546578
66040-255,1,Pará,Região Norte,Brasil,-1.4522209,-48.4828166
66040174,1,Pará,Região Norte,Brasil,-1.4547835,-48.4571782
66025190,2,Pará,Região Norte,Brasil,-1.4635454,-48.4954187
Avenida Generalíssimo Deodoro 2037,1,Pará,Região Norte,Brasil,-1.459071009375,-48.482591996875
68742866,2,Pará,Região Norte,Brasil,-1.2749338,-47.949220200000006
13084643,1,São Paulo,Região Sudeste,Brasil,-22.8192841,-47.0923717
68903199,1,Amapá,Região Norte,Brasil,0.0059009,-51.0740259
74865090,1,Goiás,Região Centro-Oeste,Brasil,-16.7143142,-49.2225331
68903-636,2,Amapá,Região Norte,Brasil,0.0401529,-51.0569588
68745-011,1,Pará,Região Norte,Brasil,-1.2927031,-47.9223903
66645870,1,Pará,Região Norte,Brasil,-1.3127448999999998,-48.4700445
Rua Professora Marlene dos Santos 404A,1,Amazonas,Região Norte,Brasil,-3.107683,-59.9660822
33411,1,Illas, Astúrias,Espanha,43.49511396444007,-5.968730130051786
65070-280,1,Maranhão,Região Nordeste,Brasil,-2.5634605,-44.2448718
66055080,5,Pará,Região Norte,Brasil,-1.4391143,-48.4805804
68742-564,1,Pará,Região Norte,Brasil,-1.2927031,-47.9223903
73020013,1,Distrito Federal,Região Centro-Oeste,Brasil,-15.6563611,-47.8081092
81560-450,1,Paraná,Região Sul,Brasil,-25.4913187,-49.2128922
66033770,1,Pará,Região Norte,Brasil,-1.4577323999999998,-48.490301
68790000,3,Pará,Região Norte,Brasil,-1.2968556999999998,-48.1605533
68746350,1,Pará,Região Norte,Brasil,-1.3151117,-47.8943434
68744-220,3,Pará,Região Norte,Brasil,-1.2927031,-47.9223903
68725000,1,Pará,Região Norte,Brasil,-1.128244,-47.6199021
68795000,3,Pará,Região Norte,Brasil,-1.3555577,-48.252235
68745550,1,Pará,Região Norte,Brasil,-1.2927031,-47.9223903
66670220,1,Pará,Região Norte,Brasil,-1.3401954,-48.4386339
68725-000,2,Pará,Região Norte,Brasil,-1.128244,-47.6199021
70770535,3,Distrito Federal,Região Centro-Oeste,Brasil,-15.76503855,-47.89092635763228
72876120,2,Goiás,Região Centro-Oeste,Brasil,-16.0755822,-48.0120833
67120370,2,Pará,Região Norte,Brasil,-1.374035,-48.4016623
72583500,1,Distrito Federal,Região Centro-Oeste,Brasil,-15.7899231,-47.888293
71699364,1,Distrito Federal,Região Centro-Oeste,Brasil,-15.7934036,-47.8823172
66093050,2,Pará,Região Norte,Brasil,-1.4214969,-48.479185
67040560,1,Pará,Região Norte,Brasil,-1.3591651000000002,-48.3663145
66810-090,1,Pará,Região Norte,Brasil,-1.3000152,-48.479618
68746762,2,Pará,Região Norte,Brasil,-1.2719251,-47.9294202
66060-230,1,Pará,Região Norte,Brasil,-1.4482989,-48.46655850000001
68928178,4,Amapá,Região Norte,Brasil,-0.020584,-51.17148270000001
68926320,1,Amapá,Região Norte,Brasil,-0.0506998,-51.146406
68900-116,1,Amapá,Região Norte,Brasil,0.0306322,-51.0719432
68904650,1,Amapá,Região Norte,Brasil,0.0141004,-51.0807368
66833120,1,Pará,Região Norte,Brasil,-1.351482,-48.4643622
66035405,1,Pará,Região Norte,Brasil,-1.4546043,-48.4870086
66060162,1,Pará,Região Norte,Brasil,-1.4452395,-48.4806235
67200-000,3,Pará,Região Norte,Brasil,-1.3595306,-48.3361504
66045197,1,Pará,Região Norte,Brasil,-1.440319,-48.4786833
66093020,2,Pará,Região Norte,Brasil,-1.4079043,-48.4363128
67013880,1,Pará,Região Norte,Brasil,-1.360849,-48.3649673
68742-460,1,Pará,Região Norte,Brasil,-1.2903143,-47.9317839
68730-000,2,Pará,Região Norte,Brasil,-1.2052428,-47.3935775
66033490,1,Pará,Região Norte,Brasil,-1.4651587,-48.4903477
68628514,1,Pará,Região Norte,Brasil,-2.9800439,-47.35432580951338
66085 100,1,Pará,Região Norte,Brasil,-1.4380754,-48.4751042
66816170,1,Pará,Região Norte,Brasil,-1.369423,-48.4721705
66030187,1,Pará,Região Norte,Brasil,-1.4738615,-48.4923845
67020650,1,Pará,Região Norte,Brasil,-1.3802867,-48.36678060000001
66613080,1,Pará,Região Norte,Brasil,-1.45056,-48.4682453
67145175,4,Pará,Região Norte,Brasil,-1.3796207,-48.4376756
68440000,3,Pará,Região Norte,Brasil,-1.721828,-48.878843
68901-265,1,Amapá,Região Norte,Brasil,0.0306322,-51.0719432
68797000,1,Pará,Região Norte,Brasil,-1.3555577,-48.252235
66060000,2,Pará,Região Norte,Brasil,-1.440319,-48.4786833
66079051,1,Pará,Região Norte,Brasil,-1.4521615,-48.4565059
66087810,1,Pará,Região Norte,Brasil,-1.4318734,-48.451332
68445000,2,Pará,Região Norte,Brasil,-1.5107945,-48.6190679
67140190,1,Pará,Região Norte,Brasil,-1.3481917,-48.3986829
68743100,1,Pará,Região Norte,Brasil,-1.2906221000000002,-47.947513
68743-100,1,Pará,Região Norte,Brasil,-1.2906221000000002,-47.947513
6615550,1,NaN,NAN,NAN,NAN,NAN
80240230,1,Paraná,Região Sul,Brasil,-25.4471727,-49.2889011
68507560,1,Pará,Região Norte,Brasil,-5.3462821,-49.1007401
66080180,1,Pará,Região Norte,Brasil,-1.4343907,-48.4572565
66077610,1,Pará,Região Norte,Brasil,-1.1404803999999995,-48.4654744
68447-000,1,Pará,Região Norte,Brasil,-1.5107945,-48.6190679
50740430,1,Pernambuco,Região Nordeste,Brasil,-8.0432961,-34.9464636
66640001,2,Pará,Região Norte,Brasil,-1.45056,-48.4682453
67133270,1,Pará,Região Norte,Brasil,-1.3552848,-48.4043597
66690520,1,Pará,Região Norte,Brasil,-1.4109675,-48.3932787
67113400,1,Pará,Região Norte,Brasil,-1.368138,-48.3773186
82015-400 ,1,Paraná,Região Sul,Brasil,-25.4143807,-49.3428074
68501180,1,Pará,Região Norte,Brasil,-5.3777390999999986,-49.1284759
66033-630,1,Pará,Região Norte,Brasil,-1.4726616,-48.4834473
67113010,2,Pará,Região Norte,Brasil,-1.3850401,-48.3774436
95020472,1,Rio Grande do Sul,Região Sul,Brasil,-29.169506899999995,-51.1623223
68600000,1,Pará,Região Norte,Brasil,-1.0573967,-46.7635406
67140230,1,Pará,Região Norte,Brasil,-1.3463624,-48.3981094
66055210,1,Pará,Região Norte,Brasil,-1.4452395,-48.4806235
67113330,1,Pará,Região Norte,Brasil,-1.374035,-48.4016623
66623301,2,Pará,Região Norte,Brasil,-1.3964395,-48.4355425
73030032,4,Distrito Federal,Região Centro-Oeste,Brasil,-15.655536800000002,-47.8067727
68745310,1,Pará,Região Norte,Brasil,-1.2861103,-47.9124518
68458093,1,Pará,Região Norte,Brasil,-3.756395200000001,-49.67126010000001
68501-580,1,Pará,Região Norte,Brasil,-5.3708901,-49.1240828
41340-280,1,Bahia,Região Nordeste,Brasil,-12.8906233,-38.4075379
66650230,1,Pará,Região Norte,Brasil,-1.3514814,-48.433532
13084-460,1,São Paulo,Região Sudeste,Brasil,-22.8279609,-47.0888529
58428795,1,Paraíba,Região Nordeste,Brasil,-7.2218239,-35.8908429
37310000,1,Minas Gerais,Região Sudeste,Brasil,-21.9476466,-44.1906033
66035040,1,Pará,Região Norte,Brasil,-1.461156,-48.48710120000001
68903605,1,Amapá,Região Norte,Brasil,0.0401529,-51.0569588
68800-000,1,Pará,Região Norte,Brasil,-1.68036,-50.479085
68904710,1,Amapá,Região Norte,Brasil,0.0167799,-51.0783443
660250-060,1,Ålands landsbygd, Landskapet Åland,Finlândia,60.28022785,19.886010924573977
66813210,1,Pará,Região Norte,Brasil,-1.3450485,-48.46398170000001
Estrada do Curuçambá,1,Pará,Região Norte,Brasil,-1.334225,-48.3885067
Rua Tiradentes,1,Bahia,Região Nordeste,Brasil,-11.1878689,-40.5131144
49160000,1,Sergipe,Região Nordeste,Brasil,-10.8553115,-37.1264863
68900971,1,Amapá,Região Norte,Brasil,0.0401529,-51.0569588
66625230,1,Pará,Região Norte,Brasil,-1.4645399,-48.4830187
66075750,1,Pará,Região Norte,Brasil,-1.4614280000000002,-48.4453015
68909376,1,Amapá,Região Norte,Brasil,0.0886822,-51.1006911
66000000,1,Pará,Região Norte,Brasil,-1.333854652984185,-48.45376063246279
58475000,1,Paraíba,Região Nordeste,Brasil,-7.364040400000001,-35.90166439999999
68911036,1,Amapá,Região Norte,Brasil,-0.0421657,-51.1181402
Avenida Dos Tembés,1,Amapá,Região Norte,Brasil,0.0123355,-51.0638362
78110590,1,Mato Grosso,Região Centro-Oeste,Brasil,-15.645816,-56.132218
67145-148,1,Pará,Região Norte,Brasil,-1.374035,-48.4016623
66040255,4,Pará,Região Norte,Brasil,-1.4522209,-48.4828166
66073050,1,Pará,Região Norte,Brasil,-1.4578616000000002,-48.4672864
66821030,1,Pará,Região Norte,Brasil,-1.45056,-48.4682453
69044640,1,Amazonas,Região Norte,Brasil,-3.0575448,-60.0554209
40130-030,1,Bahia,Região Nordeste,Brasil,-13.0025982,-38.5254363
68901259,1,Amapá,Região Norte,Brasil,0.0412591,-51.065986
Avenida Rômulo Maiorana,1,Pará,Região Norte,Brasil,-1.4336023,-48.4603247
66623710,1,Pará,Região Norte,Brasil,-1.4015784,-48.4573268
66075590,1,Pará,Região Norte,Brasil,-1.4110426,-48.4312977
68798000,3,Pará,Região Norte,Brasil,-1.226144,-48.295101
66117410,1,Pará,Região Norte,Brasil,-1.4150024,-48.4934753
67133170,1,Pará,Região Norte,Brasil,-1.3597901,-48.40270570000001
67130420,4,Pará,Região Norte,Brasil,-1.3691977,-48.405932
67125587,1,Pará,Região Norte,Brasil,-1.3396290000000002,-48.4280075
68909813,1,Amapá,Região Norte,Brasil,0.0940461,-51.0522648
68447000,1,Pará,Região Norte,Brasil,-1.5107945,-48.6190679
67125810,1,Pará,Região Norte,Brasil,-1.3241987,-48.4193569
Pará,1,Pará,Região Norte,Brasil,-4.7493932999999995,-52.89730060000001
66073-300,1,Pará,Região Norte,Brasil,-1.4609871,-48.4641266
68.903-419,1,Amapá,Região Norte,Brasil,-0.005227600000000001,-51.0820424
66053-020,1,Pará,Região Norte,Brasil,-1.4479154,-48.4912453
66820110,1,Pará,Região Norte,Brasil,-1.3275367,-48.4382348
TV D,1,Pará,Região Norte,Brasil,-1.3545724,-48.4144085
68520000,1,Pará,Região Norte,Brasil,-5.541640900000001,-48.7291003
68455767,1,Pará,Região Norte,Brasil,-3.835512000000001,-49.6688898
68270000,1,Pará,Região Norte,Brasil,-1.7669992,-55.868285
68500070,1,Pará,Região Norte,Brasil,-5.1617477,-49.0846331
66050350,1,Pará,Região Norte,Brasil,-1.4477478,-48.4976639
66087320,1,Pará,Região Norte,Brasil,-1.4401447,-48.4761549
66050000,1,Pará,Região Norte,Brasil,-1.433276,-48.486226
66823093,1,Pará,Região Norte,Brasil,-1.45056,-48.4682453
Av C,1, Gorey, County Wexford,Ireland,52.67239285,-6.292785036903743
66040100,3,Pará,Região Norte,Brasil,-1.4627065,-48.4946224
Amapa,1,Amapá,Região Norte,Brasil,1.3545441999999999,-51.9161977
68550380,1,Pará,Região Norte,Brasil,-8.0412095,-50.017176
68458000,1,Pará,Região Norte,Brasil,-3.7585899,-49.6667781
66063154,1,NaN,NAN,NAN,NAN,NAN
68742891,1,Pará,Região Norte,Brasil,-1.2927031,-47.9223903
66083530,1,Pará,Região Norte,Brasil,-1.4175986,-48.475247
66095460,1,Pará,Região Norte,Brasil,-1.4387341,-48.4535563
66093674,1,Pará,Região Norte,Brasil,-1.4336023,-48.4603247
89111007,1,Santa Catarina,Região Sul,Brasil,-26.8993915,-49.0037404
66025-160,1,Pará,Região Norte,Brasil,-1.4627065,-48.4946224
68501240,1,Pará,Região Norte,Brasil,-5.3786001,-49.1360295
24210445,1,Rio de Janeiro,Região Sudeste,Brasil,-22.9025555,-43.1219771
66085148,2,Pará,Região Norte,Brasil,-1.4304441,-48.4793189
Avenida José do Espírito Santo Araújo,1,Amapá,Região Norte,Brasil,0.0513402,-51.0501757
16872,1, Centre County, Pensilvânia,EstadosUnidos,40.9429681696187,-77.44517484197601
62010010,1,Ceará,Região Nordeste,Brasil,-3.689789100000001,-40.3526848
66823076,1,Pará,Região Norte,Brasil,-1.351482,-48.4643622
1232000,1,NaN,NAN,NAN,NAN,NAN
17068,1,Perry County, Pensilvânia,EstadosUnidos,40.4186034497556,-77.17144486845804
67015000,1,Pará,Região Norte,Brasil,-1.374035,-48.4016623
66075110,1,Pará,Região Norte,Brasil,-1.4710713,-48.4588511
66093040,2,Pará,Região Norte,Brasil,-1.4343907,-48.4572565
68901-025,1,Amapá,Região Norte,Brasil,0.0291182,-51.062046
24436630,1,Rio de Janeiro,Região Sudeste,Brasil,-22.8211722,-43.0645026
13084791,1,São Paulo,Região Sudeste,Brasil,-22.8275647,-47.073614
66075280,1,Pará,Região Norte,Brasil,-1.45056,-48.4682453
66033630,1,Pará,Região Norte,Brasil,-1.4726616,-48.4834473
67120600,1,Pará,Região Norte,Brasil,-1.3409033,-48.42653120000001
67110230,1,Pará,Região Norte,Brasil,-1.3933401,-48.411908
26700000,1,Rio de Janeiro,Região Sudeste,Brasil,-22.5269113,-43.7332604
20550-000,1,Rio de Janeiro,Região Sudeste,Brasil,-22.9229818,-43.2310326
20560-032,1,Rio de Janeiro,Região Sudeste,Brasil,-22.9149152,-43.2518321
Avenida Marques de Herval,1,Mato Grosso do Sul,Região Centro-Oeste,Brasil,-20.4135729,-54.5712399
22743041,1,Rio de Janeiro,Região Sudeste,Brasil,-22.9350185,-43.3515126
04131-000,1,São Paulo,Região Sudeste,Brasil,-23.6071179,-46.61773970000001
69055-035,1,Amazonas,Região Norte,Brasil,-3.0933051,-60.025586200000006
51,1,Marne, Grande Leste,França,48.961264,4.31224359285714
67-010240,1,Pará,Região Norte,Brasil,-1.4018902,-48.421819
60125100,1,Ceará,Região Nordeste,Brasil,-3.7304512,-38.5217989
22050012,1,Rio de Janeiro,Região Sudeste,Brasil,-22.9721962,-43.1865848
37540000,1,Minas Gerais,Região Sudeste,Brasil,-22.2486968,-45.70645070000001
69037000,1,Amazonas,Região Norte,Brasil,-3.0824303,-60.0750064
66060230,2,Pará,Região Norte,Brasil,-1.4482989,-48.46655850000001
66820-170,1,Pará,Região Norte,Brasil,-1.3211056,-48.4360774
59080060,1,Rio Grande do Norte,Região Nordeste,Brasil,-5.805398,-35.20809050000001
78060618,1,Mato Grosso,Região Centro-Oeste,Brasil,-15.6102526,-56.0746784
74305-080,1,Goiás,Região Centro-Oeste,Brasil,-16.680882,-49.2532691
67010550,1,Pará,Região Norte,Brasil,-1.3566807,-48.3858188
68900-074,1,Amapá,Região Norte,Brasil,0.042733,-51.0638151
67113345,1,Pará,Região Norte,Brasil,-1.3835678,-48.4348907
7097380,1,NaN,NAN,NAN,NAN,NAN
66095400,1,Pará,Região Norte,Brasil,-1.3132077,-48.4850446
77006-266,1,Tocantins,Região Norte,Brasil,-10.1835604,-48.3337793
82720-000,1,Paraná,Região Sul,Brasil,-25.3610223,-49.23014420000001
13330120,1,São Paulo,Região Sudeste,Brasil,-23.0893033,-47.2134288
58429145,1,Paraíba,Região Nordeste,Brasil,-7.2218239,-35.8908429
36402014,1,Minas Gerais,Região Sudeste,Brasil,-20.6662081,-43.779457
67013000,1,Pará,Região Norte,Brasil,-1.374035,-48.4016623
70722-010,1,Distrito Federal,Região Centro-Oeste,Brasil,-15.7820238,-47.883443
66070-410,1,NaN,NAN,NAN,NAN,NAN
86015100,1,Paraná,Região Sul,Brasil,-23.3217746,-51.1756858
68908-120 ,1,Amapá,Região Norte,Brasil,0.0223589,-51.0631469
13343400,1,São Paulo,Região Sudeste,Brasil,-23.0956017,-47.2118814
66033390,1,Pará,Região Norte,Brasil,-1.4744238,-48.4812627
Avenida Nazaré,1,Bahia,Região Nordeste,Brasil,-13.8435412,-40.0961025
67145099,1,Pará,Região Norte,Brasil,-1.374035,-48.4016623
66093345,2,Pará,Região Norte,Brasil,-1.4367245000000002,-48.4671349
67118083,1,Pará,Região Norte,Brasil,-1.3963722,-48.3986567
66020020,1,Pará,Região Norte,Brasil,-1.4603961,-48.5037865
67200000,3,Pará,Região Norte,Brasil,-1.3595306,-48.3361504
68600-000,2,Pará,Região Norte,Brasil,-1.0573967,-46.7635406
66063005,1,Pará,Região Norte,Brasil,-1.4537756000000002,-48.4723757
78005700,1,Mato Grosso,Região Centro-Oeste,Brasil,-15.5899501,-56.0926083
66033850,1,Pará,Região Norte,Brasil,-1.4651143999999998,-48.4894503
Rua visconde de caeté 100,1,Minas Gerais,Região Sudeste,Brasil,-18.2291966,-43.6148139
66813285,1,Pará,Região Norte,Brasil,-1.291499,-48.466316600000006
66623t80,1,NaN,NAN,NAN,NAN,NAN
68400000,1,Pará,Região Norte,Brasil,-2.2429490000000003,-49.497885
66080650,1,Pará,Região Norte,Brasil,-1.4254971,-48.475893
70864010,1,Distrito Federal,Região Centro-Oeste,Brasil,-15.750067800000002,-47.8856828
66625160,1,Pará,Região Norte,Brasil,-1.3710392,-48.4511035
79839900,1,Mato Grosso do Sul,Região Centro-Oeste,Brasil,-22.2206145,-54.812208
66623700,1,Paraíba,Região Nordeste,Brasil,-6.7435469,-35.514966458396145
68.680-000,1,Pará,Região Norte,Brasil,-2.4166306,-48.1522907
71680349,1,Distrito Federal,Região Centro-Oeste,Brasil,-15.8441389,-47.8086549
Travessa Curuzú,1,Pará,Região Norte,Brasil,-1.438707,-48.4721873
66610-070,1,Pará,Região Norte,Brasil,-1.4292831,-48.4508585
Avenida Rio Tocantins,1,Paraná,Região Sul,Brasil,-25.6705819,-49.3153062
66033-331,2,Pará,Região Norte,Brasil,-1.45056,-48.4682453
70256-200,1,Distrito Federal,Região Centro-Oeste,Brasil,-15.8204784,-47.8969378
67145125,1,Pará,Região Norte,Brasil,-1.4110728,-48.3950999
68743435,1,Pará,Região Norte,Brasil,-1.2862806999999998,-47.9186068
70736020,1,Distrito Federal,Região Centro-Oeste,Brasil,-15.7760791,-47.8859678
MARIA.MARQUEZINI@ERICSSON.COM,1,NaN,NAN,NAN,NAN,NAN
68750000,1,Pará,Região Norte,Brasil,-0.7276792,-47.856568
69096178,1,Amazonas,Região Norte,Brasil,-3.0329929,-59.974096900000006
Rodolfo Chermont Avenue n 632,2,NaN,NAN,NAN,NAN,NAN
66063000,1,Pará,Região Norte,Brasil,-1.4515671,-48.4708091
66813410,1,Pará,Região Norte,Brasil,-1.3000048,-48.46459779999999
58.039-210,1,Paraíba,Região Nordeste,Brasil,-7.1215981,-34.882028000000005
72025020,1,Distrito Federal,Região Centro-Oeste,Brasil,-15.8546612,-48.04004910000001
50740-450,1,Pernambuco,Região Nordeste,Brasil,-8.041505,-34.944680700000006
66615170,1,Pará,Região Norte,Brasil,-1.4529466,-48.4813503
67140400,1,Pará,Região Norte,Brasil,-1.374035,-48.4016623
72931540,1,NaN,NAN,NAN,NAN,NAN
67143-010,1,Pará,Região Norte,Brasil,-1.355305,-48.3798315
66087380,1,Pará,Região Norte,Brasil,-1.4302681000000002,-48.4607563
70701-000,1,Distrito Federal,Região Centro-Oeste,Brasil,-15.7898407,-47.8854819
05305-031,1,São Paulo,Região Sudeste,Brasil,-23.534171,-46.7263446
66640-465,1,Pará,Região Norte,Brasil,-1.3775696000000002,-48.4412646
66035360,1,Pará,Região Norte,Brasil,-1.4584073999999998,-48.4839688
11010021,1,São Paulo,Região Sudeste,Brasil,-23.9356432,-46.3294606
66095015,2,Pará,Região Norte,Brasil,-1.4271743,-48.4626625
66645130,1,Pará,Região Norte,Brasil,-1.4092865,-48.4283861
66623820,2,Pará,Região Norte,Brasil,-1.3962839,-48.4428744
67113260,1,Pará,Região Norte,Brasil,-1.3799194,-48.4156644
67130400,1,Pará,Região Norte,Brasil,-1.374035,-48.4016623
66055005,1,Pará,Região Norte,Brasil,-1.4496316,-48.4865255
66080472,1,Pará,Região Norte,Brasil,-1.4345933000000002,-48.464998
70752110,1,Distrito Federal,Região Centro-Oeste,Brasil,-15.7604133,-47.8868663
66083049,1,Pará,Região Norte,Brasil,-1.4363249,-48.46506779999999
67143220,2,Pará,Região Norte,Brasil,-1.3598811000000002,-48.3927071
67140100,1,Pará,Região Norte,Brasil,-1.3527108,-48.4043134
66825010,1,Pará,Região Norte,Brasil,-1.3493521000000002,-48.4531758
67020-636,1,Pará,Região Norte,Brasil,-1.3992068000000002,-48.3836227
69055021,1,Amazonas,Região Norte,Brasil,-3.0783097,-60.0088615
68745-470,1,Pará,Região Norte,Brasil,-1.2927031,-47.9223903
66093026,1,Pará,Região Norte,Brasil,-1.4265801000000002,-48.4598127
66650520,1,Pará,Região Norte,Brasil,-1.2612212,-48.452416
66115110,1,Pará,Região Norte,Brasil,-1.425504,-48.4878963
68746-320,1,Pará,Região Norte,Brasil,-1.3130451,-47.893161
68740-240,1,Pará,Região Norte,Brasil,-1.3004693,-47.9209445
66823-010,1,Pará,Região Norte,Brasil,-1.3578357,-48.4533066
20760-731,2,Rio de Janeiro,Região Sudeste,Brasil,-22.8763068,-43.2969312
66055000,1,Pará,Região Norte,Brasil,-1.4366928,-48.4861378
AVENIDA FELIX CLEMENTE MALCHER Q. 39 LOTE 36. BARCARENA PARÁ 68445000,1,NaN,NAN,NAN,NAN,NAN
66613-140,1,Pará,Região Norte,Brasil,-1.409747,-48.4443849
66017080,1,Pará,Região Norte,Brasil,-1.4546621000000002,-48.4957466
66825525,2,Pará,Região Norte,Brasil,-1.3295937,-48.4740153
66085110,1,Pará,Região Norte,Brasil,-1.438707,-48.4721873
67130170,1,Pará,Região Norte,Brasil,-1.374035,-48.4016623
67033215,2,Pará,Região Norte,Brasil,-1.3727658,-48.3757925
66053050,1,Pará,Região Norte,Brasil,-1.4489143,-48.4876383
66079510,1,Pará,Região Norte,Brasil,-1.4625472,-48.4490861
66035095,1,Pará,Região Norte,Brasil,-1.45056,-48.4682453
68901345,1,Amapá,Região Norte,Brasil,0.040467,-51.0784688
66065140,1,Pará,Região Norte,Brasil,-1.3043469,-48.4544755
66645225,1,Pará,Região Norte,Brasil,-1.4088279,-48.4396667
68455001,2,NaN,NAN,NAN,NAN,NAN
66093046,1,Pará,Região Norte,Brasil,-1.4304441,-48.4793189
66095110,1,Pará,Região Norte,Brasil,-1.4318734,-48.451332
69040080,1,Amazonas,Região Norte,Brasil,-3.0894454,-60.0321296
66083340,1,Pará,Região Norte,Brasil,-1.4304441,-48.4793189
67020490,1,Pará,Região Norte,Brasil,-1.391867,-48.3824161
67125350,1,Pará,Região Norte,Brasil,-1.374035,-48.4016623
67120597,1,Pará,Região Norte,Brasil,-1.3427295,-48.4236183
66033015,1,Pará,Região Norte,Brasil,-1.4645399,-48.4830187
70610-480,1,Distrito Federal,Região Centro-Oeste,Brasil,-15.795489800000002,-47.91465529999999
66635 110,1,Pará,Região Norte,Brasil,-1.3578357,-48.4533066
66625170,1,Pará,Região Norte,Brasil,-1.4648222,-48.4673029
Passagem Rui Barbosa 66077-590,1,Pará,Região Norte,Brasil,-1.472856,-48.4638952
71745401,1,Distrito Federal,Região Centro-Oeste,Brasil,-15.7934036,-47.8823172
 66077-590,2,Pará,Região Norte,Brasil,-1.472856,-48.4638952
68270-000,1,Pará,Região Norte,Brasil,-1.7669992,-55.868285
66080110,1,Pará,Região Norte,Brasil,-1.4384301000000002,-48.491361
68860000,4,Pará,Região Norte,Brasil,-0.758444,-48.513921
66087-423,1,Pará,Região Norte,Brasil,-1.4367245000000002,-48.4671349
66640320,1,Pará,Região Norte,Brasil,-1.3257164,-48.4368458
68909171,1,Amapá,Região Norte,Brasil,0.0806795,-51.07398370000001
68744210,1,Pará,Região Norte,Brasil,-1.2765896,-47.9157798
66821600,1,Pará,Região Norte,Brasil,-1.3150856000000002,-48.4637643
66073160,1,Pará,Região Norte,Brasil,-1.4627065,-48.4946224
66813630,1,Pará,Região Norte,Brasil,-1.2956138,-48.4709246
66645-415,1,Pará,Região Norte,Brasil,-1.4097879,-48.4329694
66055050,1,Pará,Região Norte,Brasil,-1.4453563,-48.485415
22451070,1,Rio de Janeiro,Região Sudeste,Brasil,-22.9779844,-43.22987620000001
68911055,1,Amapá,Região Norte,Brasil,-0.0419777,-51.1134323
11719-100,1,São Paulo,Região Sudeste,Brasil,-24.0149358,-46.4692702
66610100,1,Pará,Região Norte,Brasil,-1.4329339,-48.4488818
67145038,1,Pará,Região Norte,Brasil,-1.374035,-48.4016623
68820000,2,Pará,Região Norte,Brasil,-1.7182883999999998,-49.5319955
41390810,1,Bahia,Região Nordeste,Brasil,-12.8361106,-38.4684134
41195125,1,Bahia,Região Nordeste,Brasil,-12.8961811,-38.489046
49037200,1,Sergipe,Região Nordeste,Brasil,-10.9866063,-37.054936
66017200,1,Pará,Região Norte,Brasil,-1.4538014,-48.4966004
67140640,1,Pará,Região Norte,Brasil,-1.3527108,-48.4043134
66640-485,1,Pará,Região Norte,Brasil,-1.3809951,-48.4356723
66025540,1,Pará,Região Norte,Brasil,-1.4709313,-48.499485
68420000,1,Pará,Região Norte,Brasil,-2.583098,-49.504224
68746680,1,Pará,Região Norte,Brasil,-1.2927031,-47.9223903
67145007,1,Pará,Região Norte,Brasil,-1.3568948,-48.420327
66645215,1,Pará,Região Norte,Brasil,-1.4081413,-48.43979570000001
66070260,1,Pará,Região Norte,Brasil,-1.4465473999999998,-48.45862320000001
97105684,1,Rio Grande do Sul,Região Sul,Brasil,-29.7138462,-53.72879870000001
Passagem são Geraldo alameda da paz,1,NaN,NAN,NAN,NAN,NAN
66840590,1,Pará,Região Norte,Brasil,-1.3366003,-48.3888186
67146284,1,Pará,Região Norte,Brasil,-1.3501408,-48.4217341
68420-009,1,NaN,NAN,NAN,NAN,NAN
67113520,1,Pará,Região Norte,Brasil,-1.3943448,-48.3791104
Av. Senador Lemos/Alameda Jerusalém,1,NaN,NAN,NAN,NAN,NAN
68440-000,1,Pará,Região Norte,Brasil,-1.721828,-48.878843
68644000,1,Pará,Região Norte,Brasil,-1.5220049,-46.90206970000001
66073-200,1,Pará,Região Norte,Brasil,-1.3154436,-48.4791353
66079750,1,Pará,Região Norte,Brasil,-1.155892,-48.4625441
66020446,1,Pará,Região Norte,Brasil,-1.5658208,-48.7659985
67020790,1,Pará,Região Norte,Brasil,-1.3850401,-48.3774436
66095020,1,Pará,Região Norte,Brasil,-1.4453888,-48.4855221
Rua Moura Brasil 58,1,Rio de Janeiro,Região Sudeste,Brasil,-22.9355655,-43.1851072
66093-674 ,1,Pará,Região Norte,Brasil,-1.4336023,-48.4603247
66635410,1,Pará,Região Norte,Brasil,-1.3608813999999998,-48.4473506
66635060,1,Pará,Região Norte,Brasil,-1.3617416000000002,-48.445396
66073220,1,Pará,Região Norte,Brasil,-1.4547835,-48.4571782
67115030,1,Pará,Região Norte,Brasil,-1.3533731000000002,-48.36116060000001
66840530,2,Pará,Região Norte,Brasil,-1.45056,-48.4682453
67125250,1,Pará,Região Norte,Brasil,-1.3246339,-48.4002941
66050520,1,Pará,Região Norte,Brasil,-1.4362852,-48.4831314
68742241,2,Pará,Região Norte,Brasil,-1.2766419,-47.9354203
Rua Doutor Laureano Francisco Alves de Melo,1,NaN,NAN,NAN,NAN,NAN
68745010,1,Pará,Região Norte,Brasil,-1.2950239,-47.9244688
77000000,1,NaN,NAN,NAN,NAN,NAN
77.000-000,1, काठमाडौं, वाग्मती प्रदेश,Nepal,27.673632,85.35158759999999
68670000,1,Pará,Região Norte,Brasil,-1.5169239,-48.0410699
67118270,1,Pará,Região Norte,Brasil,-1.3810115,-48.3985734
68743540,1,Pará,Região Norte,Brasil,-1.2785731000000002,-47.923826
68742-810,1,Pará,Região Norte,Brasil,-1.2939271,-47.9466614
66825529,1,Pará,Região Norte,Brasil,-1.3274097,-48.4776992
Belém,1,Belém, منطقة أ,PalestinianTerritory,31.704355600000003,35.2061876
67015260,1,Pará,Região Norte,Brasil,-1.3274676,-48.401373
68746479,2,Pará,Região Norte,Brasil,-1.2927031,-47.9223903
66093802,1,Pará,Região Norte,Brasil,-1.438707,-48.4721873
68746015,1,Pará,Região Norte,Brasil,-1.2927031,-47.9223903
66093-050,1,Pará,Região Norte,Brasil,-1.4214969,-48.479185
67020470,1,Pará,Região Norte,Brasil,-1.3909736,-48.3873242
67140130,1,Pará,Região Norte,Brasil,-1.3513217,-48.4037128
11010-021,1,São Paulo,Região Sudeste,Brasil,-23.9356432,-46.3294606
66615850,1,Pará,Região Norte,Brasil,-1.4065448,-48.4381029
66115000,1,Pará,Região Norte,Brasil,-1.4221429,-48.4895278
66810660,1,Pará,Região Norte,Brasil,-1.4122546,-48.4417258
68630627,1,Pará,Região Norte,Brasil,-2.9956400000000003,-47.3548942
67133-460,1,Pará,Região Norte,Brasil,-1.3641308,-48.401238
67130070,1,Pará,Região Norte,Brasil,-1.374035,-48.4016623
68374390,1,Pará,Região Norte,Brasil,-0.7393708999999999,-48.5085734
68901257,1,Amapá,Região Norte,Brasil,0.0406725,-51.0701658
66120270,1,Pará,Região Norte,Brasil,-1.262419,-48.465779
70910-900,1,Distrito Federal,Região Centro-Oeste,Brasil,-15.7934036,-47.8823172
70673437,1,Distrito Federal,Região Centro-Oeste,Brasil,-15.8076426,-47.93621339999999
70640077,1,Distrito Federal,Região Centro-Oeste,Brasil,-15.7934036,-47.8823172
70743070,1,Distrito Federal,Região Centro-Oeste,Brasil,-15.7663427,-47.8848694
71915750,1,Distrito Federal,Região Centro-Oeste,Brasil,-15.798070999999998,-48.1339748
71070102,1,Distrito Federal,Região Centro-Oeste,Brasil,-15.84423975,-47.984431220479344
72025180,1,Distrito Federal,Região Centro-Oeste,Brasil,-15.8556245,-48.042317
72155605,1,Distrito Federal,Região Centro-Oeste,Brasil,-15.7934036,-47.8823172
66093630,1,Pará,Região Norte,Brasil,-1.4450675,-48.4679952
72215174,1,Distrito Federal,Região Centro-Oeste,Brasil,-15.8163133,-48.0994902
72150613,1,Distrito Federal,Região Centro-Oeste,Brasil,-15.7934036,-47.8823172
71909540,2,Distrito Federal,Região Centro-Oeste,Brasil,-15.881152599999998,-47.977662
70754030,1,Distrito Federal,Região Centro-Oeste,Brasil,-15.7542954,-47.8887331
Es 4b rua 5 casa 12,1,NaN,NAN,NAN,NAN,NAN
71515740,1,Distrito Federal,Região Centro-Oeste,Brasil,-15.7497709,-47.8409388
73045174,1,Distrito Federal,Região Centro-Oeste,Brasil,-15.6416551,-47.7760434
70754-040,1,Distrito Federal,Região Centro-Oeste,Brasil,-15.7542954,-47.8887331
70763-070,1,Distrito Federal,Região Centro-Oeste,Brasil,-15.7478468,-47.89081450000001
73083150,4, Área metropolitana de Madrid y Corredor del Henares, Comunidade de Madrid,Espanha,40.4131881,-3.705048672101835
70770610,1,Distrito Federal,Região Centro-Oeste,Brasil,-15.7934036,-47.8823172
70372040,1,Distrito Federal,Região Centro-Oeste,Brasil,-15.8186455,-47.9064672
71070640,1, Quito, Pichincha,Equador,-0.19533770000000006,-78.50261590000002
74345230,1,Goiás,Região Centro-Oeste,Brasil,-16.742444,-49.296353
73081150,1,Distrito Federal,Região Centro-Oeste,Brasil,-15.7934036,-47.8823172
72250311,1,Distrito Federal,Região Centro-Oeste,Brasil,-15.7943433,-48.12311920000001
71901-050,1,Distrito Federal,Região Centro-Oeste,Brasil,-15.7934036,-47.8823172
Quadra SHCES Quadra 105 Bloco B,1,NaN,NAN,NAN,NAN,NAN
72647709,1,NaN,NAN,NAN,NAN,NAN
73251903,1,Distrito Federal,Região Centro-Oeste,Brasil,-15.7934036,-47.8823172
58031080,1,Paraíba,Região Nordeste,Brasil,-7.1195481,-34.847549900000004
71100174,1,Distrito Federal,Região Centro-Oeste,Brasil,-15.8085814,-47.99003270000001
70000000,1,Phường 15, Long Điền,Vietnã,10.7768016,106.6547024
72120110,1,Distrito Federal,Região Centro-Oeste,Brasil,-15.8160519,-48.058759
71215630,1,Distrito Federal,Região Centro-Oeste,Brasil,-15.8246935,-47.95381629999999
71936250,1,Distrito Federal,Região Centro-Oeste,Brasil,-15.8336855,-48.0443951
70719900,1,Distrito Federal,Região Centro-Oeste,Brasil,-15.78411205,-47.889393265268275
71901240,1,Distrito Federal,Região Centro-Oeste,Brasil,-15.7934036,-47.8823172
70754-020,1,Distrito Federal,Região Centro-Oeste,Brasil,-15.7542954,-47.8887331
72547708,1,Distrito Federal,Região Centro-Oeste,Brasil,-15.7934036,-47.8823172
71936-250,1,Distrito Federal,Região Centro-Oeste,Brasil,-15.8336855,-48.0443951
71070-030,1,Distrito Federal,Região Centro-Oeste,Brasil,-15.84764715,-47.97413365074329
71917720,1,Distrito Federal,Região Centro-Oeste,Brasil,-15.8966839,-47.77377910000001
72001-845,1,Distrito Federal,Região Centro-Oeste,Brasil,-15.854795,-48.0146514
Qi 03 cj B casa 54,1,NaN,NAN,NAN,NAN,NAN
71070524,1,Distrito Federal,Região Centro-Oeste,Brasil,-15.844014800000002,-47.9848526
70710-902,1, кв. Виница, Варна,Bulgária,43.228773,27.9660724
71000,1, Moravskoslezský kraj, Moravskoslezsko,RepúblicaCheca,49.83893049210603,18.315826015520248
